thing->root
relation->root
solid->matter
written_communication->communication
component->part
Black->person
preserver->person
authority->person
user->person
enrollee->person
computer_user->person
gambler->person
owner->person
thrower->person
gathering->social_group
article->artifact
padding->artifact
fixture->artifact
body->natural_object
mechanism->natural_object
celestial_body->natural_object
area->region
layer->region
geographic_point->point
opening->space
lawgiver->leader
articulator->communicator
reporter->communicator
Christian->religious_person
servant->worker
destroyer->bad_person
Semite->White
white_man->White
Black->person_of_color
kinsman->relative
fiber->material
action->act
sphere->round_shape
convex_shape->solid
nonvascular_organism->organism
ceramic->instrumentality
balcony->structure
landing->structure
depository->facility
side->surface
plant_tissue->plant_part
reef->ridge
musician->artist
Britisher->European
white_man->man
aviator->skilled_worker
salesperson->employee
white_man->man
climber->athlete
card_player->player
female_sibling->kinswoman
potion->beverage
closed_curve->curve
Black->person
preserver->person
authority->person
user->person
enrollee->person
computer_user->person
gambler->person
owner->person
thrower->person
virus->microorganism
moneran->microorganism
bacteria->microorganism
eubacteria->microorganism
Bacillus_anthracis->bacillus
Yersinia_pestis->bacillus
coccus->eubacteria
spirillum->eubacteria
enteric_bacteria->eubacteria
actinomycete->eubacteria
myxobacteria->eubacteria
streptococcus->eubacteria
spirochete->eubacteria
ascomycete->fungus
phagocyte->somatic_cell
bait->device
blower->device
pull->device
attachment->connection
greenhouse->building
durables->consumer_goods
outerwear->clothing
apparel->clothing
footwear->clothing
handwear->clothing
enamel->coating
shield->protective_covering
highway->road
husk->sheath
field->tract
limit->boundary
agent->representative
percussionist->musician
pitcher->ballplayer
pitcher->ballplayer
gelatin->dainty
porridge->dish
breakfast->meal
picnic->meal
dietary_supplement->diet
orange_juice->fruit_juice
quadrilateral->polygon
lawgiver->leader
articulator->communicator
reporter->communicator
Christian->religious_person
servant->worker
destroyer->bad_person
Semite->White
white_man->White
Black->person_of_color
kinsman->relative
desert_plant->vascular_plant
mushroom->basidiomycete
engine->instrument
brake->restraint
reactor->electrical_device
battery->electrical_device
net->trap
walking_stick->stick
shaft->rod
centrifuge->apparatus
bowling_equipment->game_equipment
game->game_equipment
regalia->gear
magnetic_recorder->recorder
photographic_paper->photographic_equipment
aerosol->dispenser
bedroom_furniture->furniture
dining-room_furniture->furniture
office_furniture->furniture
telecommunication_system->communication_system
computer_network->network
boardroom->room
closet->room
divan->room
outerwear->clothing
apparel->clothing
footwear->clothing
handwear->clothing
vest->garment
costume->attire
coverall->protective_garment
radiogram->photograph
agamete->reproductive_structure
minister->executive
noncommissioned_officer->military_officer
tossed_salad->salad
musician->artist
Britisher->European
white_man->man
aviator->skilled_worker
salesperson->employee
white_man->man
climber->athlete
card_player->player
female_sibling->kinswoman
pup->young_mammal
loosestrife->herb
phlox->herb
coleus->herb
dead_nettle->herb
foxglove->herb
bramble->woody_plant
iridaceous_plant->bulbous_plant
spear->weapon
measuring_stick->measuring_instrument
impact_printer->printer
printer->machine
harvester->farm_machine
circle->rotating_mechanism
hook->mechanical_device
clavier->keyboard_instrument
clavier->stringed_instrument
nail->fastener
candle->lamp
digital_display->display
troop_carrier->military_vehicle
printer->peripheral
aquarium->tank
palace->residence
aquarium->vivarium
stone_wall->fence
vest->garment
costume->attire
coverall->protective_garment
jersey->shirt
bonnet->hat
elastic_bandage->bandage
pipe->tube
ranch_hand->hired_hand
kiss->candy
Scotch->whiskey
agent->representative
percussionist->musician
pitcher->ballplayer
pitcher->ballplayer
prototherian->mammal
metatherian->mammal
anapsid->reptile
radish_plant->crucifer
shrublet->shrub
heath->shrub
buckthorn->shrub
maidenhair->fern
club_moss->fern_ally
printed_circuit->computer_circuit
submersible->warship
palace->residence
booth->shop
jersey->shirt
bonnet->hat
nut->seed
flower_cluster->inflorescence
minister->executive
noncommissioned_officer->military_officer
pachyderm->placental
lory->parrot
saurian->diapsid
archosaur->diapsid
tick->acarine
isopod->malacostracan_crustacean
meadowgrass->grass
goldenrod->wildflower
passenger_ship->ship
steamer->ship
river_boat->boat
showboat->boat
wedge->iron
racer->car
ranch_hand->hired_hand
cetacean->aquatic_mammal
anteater->edentate
ape->primate
vireo->oscine
podicipitiform_seabird->seabird
sphenisciform_seabird->seabird
constrictor->snake
pierid->butterfly
corn->cereal
orchis->orchid
butterfly_orchid->orchid
helleborine->orchid
rotary_engine->internal-combustion_engine
submersible->warship
racer->car
passenger_van->van
raccoon->procyonid
myna->starling
night_heron->heron
lemon->citrus
passenger_van->van
serranid_fish->percoid_fish
billfish->scombroid
bull->cattle
bullock->cattle
cow->cattle
pitcher->person
virus->agent
charcoal->substance
star->natural_object
collegian->student
sculpture->figure
opening->space
fiber->material
woodenware->ware
Lord->aristocrat
potion->beverage
globule->ball
pitcher->person
granary->storehouse
sculpture->art
gelatin_dessert->dainty
orange_juice->fruit_juice
pea->legume
collegian->student
goldenrod->wildflower
wire->ligament
Scotch->whiskey
basketball->court_game
Lord->aristocrat
tack->fastener
storage_battery->voltaic_battery
Scotch->whiskey
dressage->equestrian_sport
basketball->court_game
ball_game->field_game
ball_game->field_game
spiny_lizard->iguanid
loop->curve
potion->beverage
square->polygon
orange_juice->fruit_juice
Scotch->whiskey
Scotch->whiskey
soapsuds->foam
skin->body_part
activity->psychological_feature
signal->communication
social_group->group
collection->group
grassland->group
animal_virus->agent
outdoor_game->athletic_game
court_game->athletic_game
plane_figure->figure
polygon->figure
polyhedron->solid
chromatic_color->visual_property
priest->Holy_Order
feather->animal_material
calcimine->paint
drinking_water->water
organism->living_thing
cell->living_thing
read-only_memory->memory
extremity->region
district->region
workplace->point
seashore->shore
mountain->natural_elevation
hill->natural_elevation
ridge->natural_elevation
promontory->natural_elevation
knoll->natural_elevation
glacier->ice_mass
bank->slope
descent->slope
hole->natural_depression
valley->natural_depression
ravine->natural_depression
benefactor->good_person
announcer->communicator
writer->communicator
speaker->communicator
performer->entertainer
therapist->expert
scholar->intellectual
child->juvenile
associate->peer
member->peer
religious->religious_person
Protestant->religious_person
unpleasant_person->unwelcome_person
egotist->unwelcome_person
wrongdoer->bad_person
libertine->bad_person
deceiver->bad_person
criminal->bad_person
Indian->Amerindian
businessperson->capitalist
retailer->capitalist
seller->capitalist
sick_person->unfortunate
boxer->combatant
flyweight->combatant
lightweight->combatant
light_heavyweight->combatant
lightweight->combatant
social_scientist->scientist
linguist->scientist
psycholinguist->scientist
economist->scientist
wife->domestic_partner
folk_dancer->dancer
lawman->defender
drinker->consumer
customer->consumer
powder->medicine
animal_material->material
paint->material
alcohol->drug
drinking_water->water
equestrian_sport->riding
boxing->contact_sport
wrestling->contact_sport
football->contact_sport
hunt->outdoor_sport
fishing->outdoor_sport
angling->outdoor_sport
casting->outdoor_sport
jumping->track_and_field
swimming->water_sport
skin_diving->water_sport
hunt->blood_sport
outdoor_game->athletic_game
court_game->athletic_game
football->field_game
baseball->field_game
reddish_brown->brown
cola->soft_drink
animal_virus->microorganism
eubacteria->microorganism
leukocyte->somatic_cell
myeloblast->somatic_cell
lymphocyte->somatic_cell
neutrophil->somatic_cell
leukocyte->somatic_cell
conduit->way
passageway->way
plate->sheet
brick->building_material
doll->plaything
representation->creation
platform->surface
floor->surface
rope->line
cord->line
ditch->excavation
life_preserver->float
tableware->ware
shell->covering
fore-and-aft_sail->sail
grassland->tract
court->tract
garden->tract
clergyman->spiritual_leader
lama->spiritual_leader
priest->spiritual_leader
vicar->spiritual_leader
administrator->head
West_Indian->American
Central_American->American
horseman->rider
model->assistant
workman->employee
Indian->Amerindian
old_woman->oldster
football_player->player
ballplayer->player
grandparent->ancestor
father->ancestor
mother->ancestor
child->offspring
great_grandchild->offspring
neonate->offspring
wife->spouse
beer->brew
lager->brew
ale->brew
diet->fare
fodder->feed
drinking_water->water
calcimine->water-base_paint
beer->brew
lager->brew
ale->brew
drinking_water->water
football->field_game
baseball->field_game
beer->brew
lager->brew
ale->brew
benefactor->good_person
announcer->communicator
writer->communicator
speaker->communicator
performer->entertainer
therapist->expert
scholar->intellectual
child->juvenile
associate->peer
member->peer
religious->religious_person
Protestant->religious_person
unpleasant_person->unwelcome_person
egotist->unwelcome_person
wrongdoer->bad_person
libertine->bad_person
deceiver->bad_person
criminal->bad_person
Indian->Amerindian
businessperson->capitalist
retailer->capitalist
seller->capitalist
sick_person->unfortunate
boxer->combatant
flyweight->combatant
lightweight->combatant
light_heavyweight->combatant
lightweight->combatant
social_scientist->scientist
linguist->scientist
psycholinguist->scientist
economist->scientist
wife->domestic_partner
folk_dancer->dancer
lawman->defender
drinker->consumer
customer->consumer
male_horse->male
vertebrate->chordate
tunicate->chordate
grouse->game
pheasant->game
quail->game
greyhound->racer
ammunition->weaponry
armament->weaponry
bomb->weaponry
junction->connection
telephone_line->connection
print_media->medium
telecommunication->medium
press->medium
telephone->medium
broadcasting->medium
round_arch->arch
pointed_arch->arch
stronghold->defensive_structure
fortress->defensive_structure
fortification->defensive_structure
bastion->defensive_structure
bastion->defensive_structure
place_of_business->establishment
institution->establishment
plant->building_complex
factory->building_complex
wall->partition
gable->partition
tent->shelter
canvas_tent->shelter
embankment->mound
rampart->mound
brim->projection
megalith->memorial
home_appliance->appliance
dryer->appliance
cap->top
rug->floor_cover
frill->adornment
flag->design
magazine->work
bowl->dish
military_officer->serviceman
doctor->medical_practitioner
specialist->medical_practitioner
back->football_player
appetizer->course
dessert->course
sweet->dainty
bite->meal
water-soluble_vitamin->vitamin
fat-soluble_vitamin->vitamin
B-complex_vitamin->vitamin
dough->concoction
corn->grain
cola->soft_drink
cola->soft_drink
sweet_roll->bun
cornbread->quick_bread
muffin->quick_bread
biscuit->quick_bread
eating_apple->apple
Delicious->apple
currant->berry
orange->citrus
mandarin->citrus
sweet_orange->citrus
muskmelon->melon
bean->legume
green_pea->legume
common_bean->legume
fresh_bean->legume
green_bean->legume
salad_green->greens
lettuce->greens
potato->root_vegetable
potato->solanaceous_vegetable
pepper->solanaceous_vegetable
tomato->solanaceous_vegetable
sweet_pepper->solanaceous_vegetable
hot_pepper->solanaceous_vegetable
chili->solanaceous_vegetable
cabbage->cruciferous_vegetable
summer_squash->squash
winter_squash->squash
clergyman->spiritual_leader
lama->spiritual_leader
priest->spiritual_leader
vicar->spiritual_leader
administrator->head
West_Indian->American
Central_American->American
horseman->rider
model->assistant
workman->employee
Indian->Amerindian
old_woman->oldster
football_player->player
ballplayer->player
grandparent->ancestor
father->ancestor
mother->ancestor
child->offspring
great_grandchild->offspring
neonate->offspring
wife->spouse
cub->young_mammal
foal->young_mammal
fish->aquatic_vertebrate
food_fish->aquatic_vertebrate
anthozoan->coelenterate
coral->coelenterate
gorgonian->coelenterate
stony_coral->coelenterate
annelid->worm
gastropod->mollusk
bivalve->mollusk
cephalopod->mollusk
sea_urchin->echinoderm
angiosperm->spermatophyte
thistle->weed
bell->acoustic_device
strainer->filter
horn->alarm
lens->optical_device
camera_lens->optical_device
brace->strengthener
bomb->explosive_device
optical_disk->memory_device
recording->memory_device
compact_disk->memory_device
audio_CD->compact_disk
CD-R->compact_disk
CD-ROM->compact_disk
magnetic_tape->memory_device
memory->memory_device
magnetic_disk->memory_device
spring->elastic_device
bell->signaling_device
hoist->lifting_device
crane->lifting_device
cable->conductor
semiconductor_device->conductor
cord->conductor
wire->conductor
chip->conductor
holder->holding_device
candlestick->holding_device
candelabrum->holding_device
mirror->reflector
car_mirror->reflector
hand->indicator
fly->fisherman's_lure
train->public_transport
bus->public_transport
passenger_train->public_transport
pole->rod
rotating_shaft->rod
fishing_rod->rod
racket->sports_implement
mallet->sports_implement
pen->writing_implement
kitchen_utensil->utensil
ceramic_ware->utensil
broom->cleaning_implement
strap->leather_strip
stable_gear->gear
kit->gear
headgear->gear
tape_recorder->recorder
spacecraft->satellite
parachute->rescue_equipment
life_preserver->rescue_equipment
bundle->package
pack->package
bowl->dish
makeup->cosmetic
cannon->artillery
hinge->joint
reproducer->audio_system
stereo->audio_system
church->place_of_worship
shed->outbuilding
barn->farm_building
cafe->restaurant
accommodation->living_quarters
belt->accessory
hairpiece->attire
formalwear->attire
outfit->attire
disguise->attire
fancy_dress->attire
mask->attire
military_uniform->uniform
vestment->gown
sock->hosiery
stocking->hosiery
knee-high->hosiery
tights->hosiery
clothes_dryer->white_goods
refrigerator->white_goods
electric_refrigerator->white_goods
belt->accessory
hairpiece->attire
formalwear->attire
outfit->attire
disguise->attire
fancy_dress->attire
mask->attire
military_uniform->uniform
vestment->gown
sock->hosiery
stocking->hosiery
knee-high->hosiery
tights->hosiery
bandage->dressing
adhesive_bandage->dressing
Elastoplast->dressing
blanket->bedclothes
bedspread->bedclothes
quilt->bedclothes
calcimine->paint
body_armor->armor
dome->roof
vault->roof
canopy->shelter
curtain->blind
window_blind->blind
armor_plate->plate
helmet->plate
fore-and-aft_sail->sail
inflorescence->flower
commissioned_military_officer->commissioned_officer
ice_cream->frozen_dessert
conserve->confiture
sandwich->snack_food
beer->brew
lager->brew
ale->brew
beer->brew
lager->brew
ale->brew
military_officer->serviceman
doctor->medical_practitioner
specialist->medical_practitioner
back->football_player
toy_spaniel->toy_dog
kangaroo->marsupial
phalanger->marsupial
wallaby->marsupial
shark->elasmobranch
ray->elasmobranch
grouper->sea_bass
domestic_fowl->gallinaceous_bird
cockatoo->parrot
parakeet->parrot
cuckoo->cuculiform_bird
kingfisher->coraciiform_bird
hummingbird->apodiform_bird
woodpecker->piciform_bird
flicker->piciform_bird
sapsucker->piciform_bird
newt->salamander
spotted_salamander->salamander
crocodile->crocodilian_reptile
alligator->crocodilian_reptile
ridley->sea_turtle
spider->arachnid
hard_tick->arachnid
malacostracan_crustacean->crustacean
decapod_crustacean->crustacean
garden_snail->snail
cress->crucifer
mustard->crucifer
violet->viola
bean->legume
cranesbill->geranium
pitcher_plant->carnivorous_plant
raspberry->bramble_bush
horsetail->fern_ally
clematis->climber
bean->climber
summer_squash->squash
winter_squash->squash
sweet_melon->gourd
sedge->marsh_plant
bearded_iris->iris
beardless_iris->iris
accelerator->scientific_instrument
magnifier->scientific_instrument
telescope->scientific_instrument
microscope->scientific_instrument
astronomical_telescope->scientific_instrument
light_microscope->scientific_instrument
optical_telescope->scientific_instrument
projector->optical_instrument
spectacles->optical_instrument
surgical_instrument->medical_instrument
engine->motor
electric_motor->motor
generator->motor
heat_engine->motor
jet_engine->motor
internal-combustion_engine->motor
digital_computer->computer
personal_computer->computer
portable_computer->computer
power_saw->power_tool
character_printer->printer
wire_matrix_printer->printer
typewriter->printer
shaper->machine_tool
valve->control
regulator->control
safety_valve->control
switch->control
blade->rotating_mechanism
rotor->rotating_mechanism
disk->rotating_mechanism
piano->keyboard_instrument
grand_piano->keyboard_instrument
bass_horn->bass
electric_lamp->lamp
lantern->lamp
saddle->seat
tripod->rack
screen->display
loudspeaker->transducer
microphone->transducer
earphone->transducer
computer_circuit->circuit
vessel->craft
aircraft->craft
spacecraft->craft
warship->military_vehicle
warplane->military_vehicle
missile->rocket
guided_missile->rocket
pedal->lever
key->lever
scissors->lever
cutter->cutting_implement
bit->cutting_implement
blade->cutting_implement
power_saw->power_tool
lawn_mower->garden_tool
bat->club
mast->spar
gas_burner->burner
reproducer->audio_system
stereo->audio_system
receiver->set
radio_receiver->set
data_input_device->peripheral
chessman->man
horse->gymnastic_apparatus
golf_club->golf_equipment
wood->golf_equipment
iron->golf_equipment
ice_skate->skate
pocket->pouch
freight_car->car
passenger_car->car
carriage->horse-drawn_vehicle
cart->wagon
reservoir->tank
cistern->tank
mug->drinking_vessel
coffeepot->pot
urn->pot
bag->baggage
religious_residence->residence
monastery->residence
open-air_market->marketplace
grocery_store->marketplace
furnace->chamber
burial_chamber->chamber
door->movable_barrier
gate->movable_barrier
short_pants->trouser
underpants->undergarment
underwear->undergarment
foundation_garment->undergarment
necktie->neckwear
business_suit->suit
headscarf->scarf
gown->dress
short_pants->trouser
underpants->undergarment
underwear->undergarment
foundation_garment->undergarment
necktie->neckwear
business_suit->suit
headscarf->scarf
gown->dress
apple->pome
pear->pome
eating_apple->pome
Delicious->pome
cherry->drupe
legume->pod
syrup->sweetening
sweet_roll->bun
cornbread->quick_bread
muffin->quick_bread
biscuit->quick_bread
commissioned_military_officer->commissioned_officer
wolfhound->hound
greyhound->hound
retriever->sporting_dog
pointer->sporting_dog
setter->sporting_dog
spaniel->sporting_dog
springer_spaniel->sporting_dog
pinscher->watchdog
Belgian_sheepdog->shepherd_dog
pinniped_mammal->aquatic_mammal
seal->aquatic_mammal
baleen_whale->aquatic_mammal
toothed_whale->aquatic_mammal
carnivorous_bat->bat
vespertilian_bat->bat
rabbit->lagomorph
hare->lagomorph
odd-toed_ungulate->ungulate
even-toed_ungulate->ungulate
armadillo->edentate
sloth->edentate
hominid->primate
monkey->primate
lemur->primate
elephant->proboscidean
sturgeon->ganoid
New_World_flycatcher->tyrannid
kingbird->tyrannid
sea_eagle->eagle
New_World_vulture->vulture
black_vulture->vulture
condor->vulture
hen->chicken
pheasant->phasianid
quail->phasianid
peafowl->phasianid
dove->pigeon
domestic_pigeon->pigeon
anseriform_bird->waterfowl
tundra_swan->swan
cobra->elapid
pit_viper->viper
rattlesnake->viper
python->boa
fence_lizard->iguanid
fly->dipterous_insect
mosquito->dipterous_insect
gnat->dipterous_insect
blowfly->dipterous_insect
grasshopper->orthopterous_insect
cricket->orthopterous_insect
cockroach->dictyopterous_insect
plant_louse->homopterous_insect
butterfly->lepidopterous_insect
moth->lepidopterous_insect
hibiscus->mallow
wattle->acacia
eucalyptus->gum_tree
osier->willow
everlasting->composite
air_gun->gun
firearm->gun
guided_missile->missile
fencing_sword->sword
dagger->knife
clock->timepiece
watch->timepiece
timer->timepiece
pressure_gauge->gauge
balance->scale
clutch->coupling
bass_horn->brass
beating-reed_instrument->woodwind
double-reed_instrument->woodwind
single-reed_instrument->woodwind
violin->bowed_stringed_instrument
viol->bowed_stringed_instrument
grand_piano->piano
grand_piano->piano
gasket->seal
column->upright
post->upright
sailboat->sailing_vessel
airplane->heavier-than-air_craft
warplane->heavier-than-air_craft
bomber->heavier-than-air_craft
dive_bomber->bomber
stealth_bomber->bomber
fighter->heavier-than-air_craft
interceptor->fighter
stealth_fighter->fighter
freight_car->car
passenger_car->car
carriage->horse-drawn_vehicle
cart->wagon
adjustable_wrench->wrench
handsaw->saw
bottle_opener->opener
hand_shovel->shovel
coffeepot->pot
urn->pot
saucepan->pan
diesel_locomotive->locomotive
vacuum_flask->flask
bar->counter
armchair->chair
folding_chair->chair
convertible->sofa
religious_residence->residence
monastery->residence
tunic->cloak
tunic->cloak
eating_apple->apple
Delicious->apple
currant->berry
orange->citrus
mandarin->citrus
sweet_orange->citrus
muskmelon->melon
spaghetti_sauce->sauce
dressing->sauce
big_cat->feline
cat->feline
brown_bear->bear
meerkat->viverrine
otter->musteline_mammal
sea_lion->eared_seal
bottlenose_dolphin->dolphin
vole->wood_rat
tree_squirrel->squirrel
guenon->Old_World_monkey
baboon->Old_World_monkey
macaque->Old_World_monkey
marmoset->New_World_monkey
gorilla->great_ape
chimpanzee->great_ape
salmon->salmonid
trout->salmonid
Old_World_chat->thrush
kinglet->warbler
Old_World_warbler->warbler
New_World_warbler->warbler
northern_oriole->New_World_oriole
New_World_blackbird->New_World_oriole
jay->corvine_bird
chickadee->titmouse
martin->swallow
butcherbird->shrike
egret->heron
great_white_heron->heron
bittern->heron
coot->rail
larid->coastal_diving_bird
jaeger->coastal_diving_bird
gull->coastal_diving_bird
guillemot->auk
pelican->pelecaniform_seabird
gannet->pelecaniform_seabird
albatross->pelagic_bird
petrel->pelagic_bird
honeybee->bee
hornet->wasp
walnut->nut_tree
aspen->poplar
automatic_firearm->autoloader
semiautomatic_firearm->autoloader
automatic_rifle->autoloader
machine_gun->autoloader
automatic_rifle->autoloader
assault_rifle->autoloader
Browning_automatic_rifle->autoloader
submachine_gun->autoloader
canoe->small_boat
racing_boat->small_boat
diesel_locomotive->locomotive
table_knife->knife
case_knife->knife
pocketknife->knife
shears->scissors
van->truck
lynx->wildcat
red_deer->deer
caribou->deer
black_bass->sunfish
jack->carangid_fish
mackerel->scombroid
tuna->scombroid
marlin->scombroid
Spanish_mackerel->scombroid
grouper->sea_bass
merganser->sea_duck
yellowlegs->sandpiper
silver_fir->fir
wild_apple->apple_tree
flowering_cherry->cherry
orange->citrus
mandarin->citrus
van->truck
toy_spaniel->toy_dog
draft_horse->workhorse
ox->bovine
cattle->bovine
domestic_sheep->sheep
mountain_sheep->wild_sheep
wild_goat->goat
wolfhound->hound
greyhound->hound
retriever->sporting_dog
pointer->sporting_dog
setter->sporting_dog
spaniel->sporting_dog
springer_spaniel->sporting_dog
pinscher->watchdog
Belgian_sheepdog->shepherd_dog
pinon->pine
nut_pine->pine
bishop_pine->pine
spruce_pine->pine
black_pine->pine
pitch_pine->pine
pond_pine->pine
stone_pine->pine
Swiss_pine->pine
Swiss_mountain_pine->pine
ancient_pine->pine
white_pine->pine
American_white_pine->pine
western_white_pine->pine
limber_pine->pine
whitebark_pine->pine
yellow_pine->pine
Jeffrey_pine->pine
shore_pine->pine
loblolly_pine->pine
jack_pine->pine
swamp_pine->pine
red_pine->pine
Scotch_pine->pine
Monterey_pine->pine
bristlecone_pine->pine
table-mountain_pine->pine
Japanese_red_pine->pine
Japanese_black_pine->pine
Torrey_pine->pine
American_larch->larch
western_larch->larch
Santa_Lucia_fir->fir
amabilis_fir->fir
European_silver_fir->fir
white_fir->fir
balsam_fir->fir
Fraser_fir->fir
lowland_fir->fir
Alpine_fir->fir
cedar_of_Lebanon->cedar
deodar->cedar
Atlas_cedar->cedar
incense_cedar->cedar
southern_white_cedar->cedar
Oregon_cedar->cedar
yellow_cypress->cedar
Japanese_cedar->cedar
pahautea->cedar
Norway_spruce->spruce
weeping_spruce->spruce
Engelmann_spruce->spruce
white_spruce->spruce
black_spruce->spruce
Sitka_spruce->spruce
oriental_spruce->spruce
Colorado_spruce->spruce
red_spruce->spruce
eastern_hemlock->hemlock
mountain_hemlock->hemlock
western_hemlock->hemlock
Arizona_cypress->cypress
Monterey_cypress->cypress
Mexican_cypress->cypress
Italian_cypress->cypress
western_red_cedar->arborvitae
American_arborvitae->arborvitae
Oriental_arborvitae->arborvitae
monkey_puzzle->araucaria
norfolk_island_pine->araucaria
new_caledonian_pine->araucaria
bunya_bunya->araucaria
hoop_pine->araucaria
California_nutmeg->yew
stinking_cedar->yew
Old_World_yew->yew
Pacific_yew->yew
Japanese_yew->yew
Florida_yew->yew
New_Caledonian_yew->yew
cherimoya->custard_apple
soursop->custard_apple
sweetsop->custard_apple
pawpaw->custard_apple
apple->apple_tree
crab_apple->apple_tree
wild_crab->apple_tree
Iowa_crab->apple_tree
wild_plum->plum
bullace->plum
Canada_plum->plum
cherry_plum->plum
sweet_cherry->cherry
sour_cherry->cherry
chokecherry->cherry
fuji->cherry
oriental_cherry->cherry
Japanese_flowering_cherry->cherry
rosebud_cherry->cherry
bird_cherry->cherry
black_cherry->cherry
almond->almond_tree
dwarf_flowering_almond->almond_tree
flowering_almond->almond_tree
Russian_almond->almond_tree
pomelo->citrus
citron->citrus
grapefruit->citrus
tangelo->citrus
lime->citrus
kumquat->citrus
sweet_lemon->citrus
sour_orange->citrus
bergamot->citrus
sweet_orange->citrus
temple_orange->citrus
tangerine->citrus
clementine->citrus
satsuma->citrus
Japanese_persimmon->persimmon
American_persimmon->persimmon
date_plum->persimmon
Chihuahua->toy_dog
Japanese_spaniel->toy_dog
Maltese_dog->toy_dog
Pekinese->toy_dog
Shih-Tzu->toy_dog
toy_terrier->toy_dog
English_toy_spaniel->toy_dog
King_Charles_spaniel->toy_dog
papillon->toy_dog
courser->hunting_dog
Rhodesian_ridgeback->hunting_dog
hound->hunting_dog
Afghan_hound->hunting_dog
basset->hunting_dog
beagle->hunting_dog
bloodhound->hunting_dog
bluetick->hunting_dog
coonhound->hunting_dog
foxhound->hunting_dog
redbone->hunting_dog
Ibizan_hound->hunting_dog
Norwegian_elkhound->hunting_dog
otterhound->hunting_dog
Saluki->hunting_dog
Scottish_deerhound->hunting_dog
Weimaraner->hunting_dog
borzoi->hunting_dog
Irish_wolfhound->hunting_dog
Italian_greyhound->hunting_dog
whippet->hunting_dog
dachshund->hunting_dog
terrier->hunting_dog
bullterrier->hunting_dog
Bedlington_terrier->hunting_dog
Border_terrier->hunting_dog
Kerry_blue_terrier->hunting_dog
Irish_terrier->hunting_dog
Norfolk_terrier->hunting_dog
Norwich_terrier->hunting_dog
Yorkshire_terrier->hunting_dog
rat_terrier->hunting_dog
fox_terrier->hunting_dog
wirehair->hunting_dog
Airedale->hunting_dog
cairn->hunting_dog
Australian_terrier->hunting_dog
Dandie_Dinmont->hunting_dog
Boston_bull->hunting_dog
schnauzer->hunting_dog
Scotch_terrier->hunting_dog
Tibetan_terrier->hunting_dog
silky_terrier->hunting_dog
Skye_terrier->hunting_dog
soft-coated_wheaten_terrier->hunting_dog
West_Highland_white_terrier->hunting_dog
Lhasa->hunting_dog
Staffordshire_bullterrier->hunting_dog
American_Staffordshire_terrier->hunting_dog
Lakeland_terrier->hunting_dog
Welsh_terrier->hunting_dog
miniature_schnauzer->hunting_dog
giant_schnauzer->hunting_dog
standard_schnauzer->hunting_dog
sporting_dog->hunting_dog
bird_dog->hunting_dog
water_dog->hunting_dog
flat-coated_retriever->hunting_dog
curly-coated_retriever->hunting_dog
golden_retriever->hunting_dog
Labrador_retriever->hunting_dog
Chesapeake_Bay_retriever->hunting_dog
German_short-haired_pointer->hunting_dog
vizsla->hunting_dog
English_setter->hunting_dog
Irish_setter->hunting_dog
Gordon_setter->hunting_dog
Brittany_spaniel->hunting_dog
clumber->hunting_dog
cocker_spaniel->hunting_dog
Sussex_spaniel->hunting_dog
water_spaniel->hunting_dog
English_springer->hunting_dog
Welsh_springer_spaniel->hunting_dog
watchdog->working_dog
kuvasz->working_dog
housedog->working_dog
schipperke->working_dog
Doberman->working_dog
miniature_pinscher->working_dog
affenpinscher->working_dog
shepherd_dog->working_dog
briard->working_dog
kelpie->working_dog
komondor->working_dog
Old_English_sheepdog->working_dog
Shetland_sheepdog->working_dog
collie->working_dog
Border_collie->working_dog
Bouvier_des_Flandres->working_dog
Rottweiler->working_dog
German_shepherd->working_dog
groenendael->working_dog
malinois->working_dog
police_dog->working_dog
Sennenhunde->working_dog
Greater_Swiss_Mountain_dog->working_dog
Bernese_mountain_dog->working_dog
Appenzeller->working_dog
EntleBucher->working_dog
boxer->working_dog
mastiff->working_dog
bull_mastiff->working_dog
bulldog->working_dog
Great_Dane->working_dog
guide_dog->working_dog
Saint_Bernard->working_dog
sled_dog->working_dog
malamute->working_dog
Siberian_husky->working_dog
Eskimo_dog->working_dog
Samoyed->spitz
Pomeranian->spitz
chow->spitz
keeshond->spitz
Pembroke->corgi
Cardigan->corgi
toy_poodle->poodle
miniature_poodle->poodle
standard_poodle->poodle
large_poodle->poodle
stallion->male_horse
gelding->male_horse
remount->saddle_horse
warhorse->saddle_horse
hack->saddle_horse
cow_pony->saddle_horse
quarter_horse->saddle_horse
Morgan->saddle_horse
Tennessee_walker->saddle_horse
American_saddle_horse->saddle_horse
Appaloosa->saddle_horse
Arabian->saddle_horse
Lippizan->saddle_horse
buckskin->saddle_horse
dun->saddle_horse
grey->saddle_horse
mustang->pony
cayuse->pony
Shetland_pony->pony
Welsh_pony->pony
Exmoor->pony
plow_horse->workhorse
farm_horse->workhorse
carthorse->workhorse
Clydesdale->workhorse
Percheron->workhorse
shire->workhorse
coach_horse->workhorse
thoroughbred->racehorse
yearling->racehorse
pacer->racehorse
trotting_horse->racehorse
cob->harness_horse
hackney->harness_horse
Brahman->bovine
aurochs->bovine
yak->bovine
banteng->bovine
Asian_wild_ox->bovine
ox->bovine
bullock->bovine
beef->bovine
longhorn->bovine
Santa_Gertrudis->bovine
Aberdeen_Angus->bovine
Charolais->bovine
Durham->bovine
Galloway->bovine
Hereford->bovine
cattalo->bovine
dairy_cattle->bovine
Ayrshire->bovine
Brown_Swiss->bovine
Jersey->bovine
milking_shorthorn->bovine
Friesian->bovine
Guernsey->bovine
Devon->bovine
heifer->bovine
water_buffalo->Old_World_buffalo
anoa->Old_World_buffalo
Cape_buffalo->Old_World_buffalo
American_bison->bison
wisent->bison
ewe->sheep
ram->sheep
wether->sheep
black_sheep->sheep
Cotswold->sheep
Hampshire->sheep
Lincoln->sheep
Cheviot->sheep
broadtail->sheep
longwool->sheep
merino->sheep
Rambouillet->sheep
argali->wild_sheep
urial->wild_sheep
Dall_sheep->wild_sheep
aoudad->wild_sheep
bighorn->wild_sheep
mouflon->wild_sheep
kid->goat
billy->goat
nanny->goat
domestic_goat->goat
bezoar_goat->goat
markhor->goat
ibex->goat
mountain_goat->goat_antelope
serow->goat_antelope
chamois->goat_antelope
takin->goat_antelope
blackbuck->antelope
gerenuk->antelope
addax->antelope
gnu->antelope
dik-dik->antelope
hartebeest->antelope
sassaby->antelope
impala->antelope
gazelle->antelope
Thomson's_gazelle->antelope
springbok->antelope
bongo->antelope
kudu->antelope
harnessed_antelope->antelope
mountain_nyala->antelope
nilgai->antelope
sable_antelope->antelope
saiga->antelope
steenbok->antelope
eland->antelope
waterbuck->antelope
oryx->antelope
